,Barcodes
1,ATCACG
2,CGATCT
3,TTAGGC
4,TGACCA
5,ACATGT
6,GCCAAT
7,CAGATC
8,ACTTGA
9,GATCAG
10,TAGCTT
11,GGCTAG
12,CTTGTA
13,ATACAG
14,TCACTG
15,GTACTT
16,CCTCAG
17,AGTCGA
18,TATACG
19,AAACAT
20,AATGGA
21,AAGAGC
22,AACTAG
23,TTACAG
24,TTTAGC
25,TTGTCA
26,TTCATG
27,GGACTG
28,GGTCTA
29,GGGTCA
30,GGCATC
31,GAACTA
32,CCATAC
33,CCTATC
34,CCGTAT
35,CCCATG
36,CAATGA
37,aaacgagc
38,aaccgctt
39,aacgcatg
40,aactccca
41,aagcctct
42,aaggcgaa
43,aagtacgg
44,aatacggg
45,accaccat
46,accgttga
47,acctaacg
48,acgtctag
49,acgtgagt
50,actatccg
51,actcacgt
52,actcgatg
53,actgtgtc
54,acttgcac
55,agaaggga
56,agaggact
57,agcagtac
58,aggcaaag
59,aggtgcta
60,agtccgtt
61,agtgagca
62,atagtggg
63,atcaaccc
64,atcctgca
65,atctcagc
66,atgacacg
67,atgctctc
68,atgggaac
69,caaaagcc
70,caacgtca
71,cacatgga
72,cacctaag
73,cactacac
74,cagacagt
75,cagattcg
76,caggaaca
77,cagtgatg
78,catccttg
79,catctgct
80,catggtgt
81,ccaatgtg
82,ccacttac
83,ccatggat
84,cccaatgt
85,ccctagta
86,cctacgaa
87,cctatagc
88,cctctcta
89,cgattcgt
90,cgctttca
91,cggactta
92,cggttaac
93,cgtgatac
94,cgttcact
95,ctaacctc
96,ctaagagg
97,ctacacag
98,ctatcgca
99,ctccctat
100,ctcgaatc
101,ctgagcaa
102,ctgcttga
103,ctggagat
104,cttagtcc
105,cttgcaag
106,ctttaggg
107,gaacccat
108,gaagtgac
109,gaatgcga
110,gaccttgt
111,gacggtta
112,gacttctg
113,gagaactc
114,gataggca
115,gatgacag
116,gattcgtc
117,gcaacaac
118,gcagactt
119,gcatttgg
120,gcccaaat
121,gcctcttt
122,gcgataca
123,gcgtacaa
124,gctggaaa
125,gcttagct
126,ggaactct
127,ggacatga
128,ggactatg
129,ggctcaaa
130,ggggtttt
131,ggtaaagg
132,ggtagcat
133,ggttgttg
134,ggtttgga
135,gtacagtc
136,gtagaacg
137,gtcaggtt
138,gtcgtcat
139,gtgaagga
140,gtgccatt
141,gtgtgtct
142,gttcctca
143,gttgttgc
144,gtttccgt
145,taagctgc
146,tacctgtc
147,tacgacgt
148,tactggag
149,tagaccag
150,tagcgtac
151,tagctcca
152,tatggacc
153,tcaagcct
154,tcacagca
155,tcagccaa
156,tcaggttg
157,tccaactg
158,tccccata
159,tccgtaac
160,tccttggt
161,tcgaagac
162,tcgagtga
163,tcggatct
164,tcttcagg
165,tgagagag
166,tgataccc
167,tgcagagt
168,tggatgct
169,tggcactt
170,tgggtaga
171,tggtctgt
172,tgtaccca
173,tgtcggaa
174,tgtcttcc
175,tgtgtctg
176,ttacgggt
177,ttccatcg
178,ttcgcact
179,ttgcaagc
180,ttgctgag
181,ttgtggtc
182,tttcccac
183,tttgcgga
184,ttttgccg
185,aaacgatg
186,aacccctt
187,aactcgaa
188,aagcgcaa
189,acatccca
190,acattgac
191,acccaaat
192,agaaactg
193,agagcata
194,aggttcag
195,agttgtga
196,atctgacc
197,atgcatcc
198,atggagga
199,atggtact
200,attactgc
201,attggcac
202,cacgtaac
203,cagtttct
204,catagttg
205,catatgcc
206,cattccag
207,cccgttta
208,ccgatatg
209,cctggatt
210,ccttttgc
211,cggcaaaa
212,cgtaacga
213,cgtctatc
214,ctcaccaa
215,ctctaatg
216,ctctgtat
217,cttagggt
218,cttcacat
219,gaaacaca
220,gaatcgtg
221,gacaagat
222,gagaattc
223,gatgctgt
224,gattaacc
225,gcaatcag
226,gcagaaaa
227,gctagtct
228,ggaaggtt
229,ggacttac
230,ggattcct
231,ggtttgta
232,gtctcagt
233,gtggttaa
234,gttaagtg
235,gttggaga
236,taactggg
237,taagggtc
238,tacgagca
239,tacgtctg
240,tatcctcg
241,tccagaga
242,tcgctgat
243,tctcgaac
244,tgatgagc
245,tgcactta
246,tgcggaat
247,tggtacta
248,tgtccgtt
249,tgtctcca
250,tgtgacag
251,ttaccaga
252,ttaggacg
253,ttccctac
254,ttgatcac
255,ttgctttg
256,ttgggtgt
257,ttttgcgg